run_id,wave_group,wave_id,brake_id
0001,G1,W1,Fail-1
0002,G1,W1,Fail-1
0003,G1,W1,Fail-2
0004,G1,W1,Fail-2
0005,G1,W1,Fail-3
0006,G1,W1,Fail-3
0007,G1,W1,Fail-4
0008,G1,W1,Fail-4
0009,G1,W1,No_Fail-1
0010,G1,W1,No_Fail-1
0011,G1,W1,No_Fail-1
0012,G1,W1,No_Fail-2
0013,G1,W1,No_Fail-2
0014,G1,W1,No_Fail-2
0015,G1,W1,No_Fail-3
0016,G1,W1,No_Fail-3
0017,G1,W2,Fail-1
0018,G1,W2,Fail-1
0019,G1,W2,Fail-2
0020,G1,W2,Fail-2
0021,G1,W2,Fail-3
0022,G1,W2,Fail-3
0023,G1,W2,Fail-4
0024,G1,W2,Fail-4
0025,G1,W2,No_Fail-1
0026,G1,W2,No_Fail-1
0027,G1,W2,No_Fail-1
0028,G1,W2,No_Fail-2
0029,G1,W2,No_Fail-2
0030,G1,W2,No_Fail-2
0031,G1,W2,No_Fail-3
0032,G1,W2,No_Fail-3
0033,G1,W3,Fail-1
0034,G1,W3,Fail-1
0035,G1,W3,Fail-2
0036,G1,W3,Fail-2
0037,G1,W3,Fail-3
0038,G1,W3,Fail-3
0039,G1,W3,Fail-4
0040,G1,W3,Fail-4
0041,G1,W3,No_Fail-1
0042,G1,W3,No_Fail-1
0043,G1,W3,No_Fail-1
0044,G1,W3,No_Fail-2
0045,G1,W3,No_Fail-2
0046,G1,W3,No_Fail-2
0047,G1,W3,No_Fail-3
0048,G1,W3,No_Fail-3
0049,G2,W1,Fail-1
0050,G2,W1,Fail-1
0051,G2,W1,Fail-1
0052,G2,W1,Fail-2
0053,G2,W1,Fail-2
0054,G2,W1,Fail-2
0055,G2,W1,Fail-3
0056,G2,W1,Fail-3
0057,G2,W1,Fail-3
0058,G2,W1,Fail-4
0059,G2,W1,Fail-4
0060,G2,W1,Fail-4
0061,G2,W1,No_Fail-1
0062,G2,W1,No_Fail-1
0063,G2,W1,No_Fail-1
0064,G2,W1,No_Fail-2
0065,G2,W1,No_Fail-2
0066,G2,W1,No_Fail-2
0067,G2,W1,No_Fail-3
0068,G2,W1,No_Fail-3
0069,G2,W2,Fail-1
0070,G2,W2,Fail-1
0071,G2,W2,Fail-1
0072,G2,W2,Fail-1
0073,G2,W2,Fail-2
0074,G2,W2,Fail-2
0075,G2,W2,Fail-2
0076,G2,W2,Fail-2
0077,G2,W2,Fail-3
0078,G2,W2,Fail-3
0079,G2,W2,Fail-3
0080,G2,W2,Fail-3
0081,G2,W2,No_Fail-1
0082,G2,W2,No_Fail-1
0083,G2,W2,No_Fail-1
0084,G2,W2,No_Fail-2
0085,G2,W2,No_Fail-2
0086,G2,W2,No_Fail-2
0087,G2,W2,No_Fail-3
0088,G2,W2,No_Fail-3
0089,G2,W2,No_Fail-4
0090,G2,W2,No_Fail-4
0091,G2,W3,Fail-1
0092,G2,W3,Fail-1
0093,G2,W3,Fail-1
0094,G2,W3,Fail-2
0095,G2,W3,Fail-2
0096,G2,W3,Fail-2
0097,G2,W3,Fail-3
0098,G2,W3,Fail-3
0099,G2,W3,Fail-3
0100,G2,W3,Fail-4
0101,G2,W3,Fail-4
0102,G2,W3,Fail-4
0103,G2,W3,No_Fail-1
0104,G2,W3,No_Fail-1
0105,G2,W3,No_Fail-1
0106,G2,W3,No_Fail-2
0107,G2,W3,No_Fail-2
0108,G2,W3,No_Fail-2
0109,G2,W3,No_Fail-3
0110,G2,W3,No_Fail-3
0111,G2,W4-A,Fail-1
0112,G2,W4-A,Fail-1
0113,G2,W4-A,Fail-1
0114,G2,W4-A,Fail-2
0115,G2,W4-A,Fail-2
0116,G2,W4-A,Fail-2
0117,G2,W4-A,Fail-3
0118,G2,W4-A,Fail-3
0119,G2,W4-A,Fail-3
0120,G2,W4-A,Fail-4
0121,G2,W4-A,Fail-4
0122,G2,W4-A,Fail-4
0123,G2,W4-A,No_Fail-1
0124,G2,W4-A,No_Fail-1
0125,G2,W4-A,No_Fail-1
0126,G2,W4-A,No_Fail-2
0127,G2,W4-A,No_Fail-2
0128,G2,W4-A,No_Fail-2
0129,G2,W4-A,No_Fail-3
0130,G2,W4-A,No_Fail-3
0131,G2,W4-B,Fail-1
0132,G2,W4-B,Fail-1
0133,G2,W4-B,Fail-1
0134,G2,W4-B,Fail-2
0135,G2,W4-B,Fail-2
0136,G2,W4-B,Fail-2
0137,G2,W4-B,Fail-3
0138,G2,W4-B,Fail-3
0139,G2,W4-B,Fail-3
0140,G2,W4-B,Fail-4
0141,G2,W4-B,Fail-4
0142,G2,W4-B,Fail-4
0143,G2,W4-B,No_Fail-1
0144,G2,W4-B,No_Fail-1
0145,G2,W4-B,No_Fail-1
0146,G2,W4-B,No_Fail-2
0147,G2,W4-B,No_Fail-2
0148,G2,W4-B,No_Fail-2
0149,G2,W4-B,No_Fail-3
0150,G2,W4-B,No_Fail-3
0151,G2,W4-C,Fail-1
0152,G2,W4-C,Fail-1
0153,G2,W4-C,Fail-1
0154,G2,W4-C,Fail-2
0155,G2,W4-C,Fail-2
0156,G2,W4-C,Fail-2
0157,G2,W4-C,Fail-3
0158,G2,W4-C,Fail-3
0159,G2,W4-C,Fail-3
0160,G2,W4-C,Fail-4
0161,G2,W4-C,Fail-4
0162,G2,W4-C,Fail-4
0163,G2,W4-C,No_Fail-1
0164,G2,W4-C,No_Fail-1
0165,G2,W4-C,No_Fail-1
0166,G2,W4-C,No_Fail-2
0167,G2,W4-C,No_Fail-2
0168,G2,W4-C,No_Fail-2
0169,G2,W4-C,No_Fail-3
0170,G2,W4-C,No_Fail-3
